/*
 Navicat Premium Data Transfer

 Source Server         : mysql
 Source Server Type    : MySQL
 Source Server Version : 50720
 Source Host           : localhost:3306
 Source Schema         : weekly

 Target Server Type    : MySQL
 Target Server Version : 50720
 File Encoding         : 65001

 Date: 11/12/2018 17:03:08
*/

SET NAMES utf8mb4;
SET FOREIGN_KEY_CHECKS = 0;

-- ----------------------------
-- Table structure for project
-- ----------------------------
DROP TABLE IF EXISTS `project`;
CREATE TABLE `project`  (
  `id` int(11) NOT NULL AUTO_INCREMENT,
  `name` varchar(255) CHARACTER SET utf8 COLLATE utf8_general_ci NULL DEFAULT NULL,
  `number` varchar(255) CHARACTER SET utf8 COLLATE utf8_general_ci NULL DEFAULT NULL,
  `description` varchar(10000) CHARACTER SET utf8 COLLATE utf8_general_ci NULL DEFAULT NULL,
  `manager` int(11) NULL DEFAULT NULL,
  `budget` varchar(255) CHARACTER SET utf8 COLLATE utf8_general_ci NULL DEFAULT NULL,
  `startTime` datetime(0) NULL DEFAULT NULL,
  `endTime` datetime(0) NULL DEFAULT NULL,
  `preStartTime` datetime(0) NULL DEFAULT NULL,
  `preEndTime` datetime(0) NULL DEFAULT NULL,
  `state` varchar(255) CHARACTER SET utf8 COLLATE utf8_general_ci NULL DEFAULT '未开始',
  `created_at` datetime(0) NOT NULL,
  `updated_at` datetime(0) NOT NULL,
  PRIMARY KEY (`id`) USING BTREE,
  UNIQUE INDEX `id`(`id`) USING BTREE,
  INDEX `manager`(`manager`) USING BTREE,
  CONSTRAINT `project_ibfk_1` FOREIGN KEY (`manager`) REFERENCES `user` (`id`) ON DELETE RESTRICT ON UPDATE RESTRICT
) ENGINE = InnoDB AUTO_INCREMENT = 25 CHARACTER SET = utf8 COLLATE = utf8_general_ci COMMENT = '项目信息' ROW_FORMAT = Dynamic;

-- ----------------------------
-- Records of project
-- ----------------------------
INSERT INTO `project` VALUES (5, '泸州市城镇管网项目', '171201', '泸州市城镇管网信息管理系统项目', 12, '998170', '2017-02-01 00:00:00', NULL, '2017-12-01 00:00:00', '2018-05-31 00:00:00', '进行中', '2018-03-05 08:56:39', '2018-03-05 08:56:39');
INSERT INTO `project` VALUES (6, '南昌赣昌砂石项目', '171101', '南昌赣昌砂石有限公司中支采区数字信息化平台建设项目', 4, '1800000', '2017-11-01 00:00:00', NULL, '2017-11-01 00:00:00', '2018-05-31 00:00:00', '进行中', '2018-03-05 08:58:23', '2018-03-05 08:58:23');
INSERT INTO `project` VALUES (7, '江山市管线项目', '170701', '江山市市区地下管线管理系统软件开发及数据录入项目', 12, '889000', '2017-08-01 00:00:00', '2017-08-01 00:00:00', '2017-07-01 00:00:00', '2018-05-31 00:00:00', '进行中', '2018-03-05 09:00:49', '2018-03-05 09:12:57');
INSERT INTO `project` VALUES (8, '中宁县水利项目', '170101', '中宁县小型水利工程信息数字化管理系统开发项目', 6, '600000', '2017-02-20 00:00:00', '2018-03-20 00:00:00', '2017-01-01 00:00:00', '2018-05-31 00:00:00', '进行中', '2018-03-05 09:02:26', '2018-03-10 08:04:47');
INSERT INTO `project` VALUES (9, '浙江理工大学三维管网项目', '170501', '浙江理工大学科技与艺术学院迁建工程地下三维管网信息系统', 12, '500000', '2017-06-01 00:00:00', '2017-06-01 00:00:00', '2017-05-01 00:00:00', '2018-10-31 00:00:00', '进行中', '2018-03-05 09:07:22', '2018-03-05 09:13:19');
INSERT INTO `project` VALUES (10, '管线CS系统基础研发', '999', '地下管线数据管理系统、地下管线数据质检系统登功能模块开发', 5, '0', '2018-03-05 00:00:00', NULL, '2018-03-01 00:00:00', '2018-12-31 00:00:00', '进行中', '2018-03-05 09:09:36', '2018-03-05 09:09:36');
INSERT INTO `project` VALUES (11, '水利BS系统开发及技术学习', '888', '水利信息化系统相关模块开发及B/S相关技术学习', 1, '0', '2018-03-05 00:00:00', NULL, '2018-03-01 00:00:00', '2018-12-31 00:00:00', '进行中', '2018-03-05 09:11:14', '2018-03-05 09:11:14');
INSERT INTO `project` VALUES (12, '科研项目', '777', '科研、三维相关项目', 4, '0', '2018-03-05 00:00:00', NULL, '2018-03-01 00:00:00', '2018-12-31 00:00:00', '进行中', '2018-03-05 09:12:30', '2018-03-05 09:12:30');
INSERT INTO `project` VALUES (13, '项目管理平台研发', '180201', '数据运营事业部项目管理平台研发', 7, '0', '2018-02-20 00:00:00', '2018-02-19 00:00:00', '2018-02-10 00:00:00', '2018-06-30 00:00:00', '进行中', '2018-03-05 09:16:13', '2018-03-10 08:05:08');
INSERT INTO `project` VALUES (14, '金华市区智能排水项目', '180109', '', 12, '2000000', NULL, NULL, '2018-03-01 00:00:00', '2018-08-31 00:00:00', '进行中', '2018-03-05 09:20:58', '2018-03-05 09:20:58');
INSERT INTO `project` VALUES (15, '金风科技风电场工程量计算项目', '666', '金风科技风电场施工工程规划工程量计算与评估软件', 4, '350000', '2017-11-24 00:00:00', NULL, '2017-11-24 00:00:00', '2018-06-24 00:00:00', '进行中', '2018-03-05 13:36:28', '2018-03-06 15:07:24');
INSERT INTO `project` VALUES (16, '风电场内道路设计产品包装', '665', '风电行业建场施工规划业务模块（道路设计和工程量评估）产品包装', 4, '0', '2017-11-01 00:00:00', NULL, '2017-11-01 00:00:00', '2018-10-01 00:00:00', '进行中', '2018-03-05 13:41:19', '2018-03-06 15:07:16');
INSERT INTO `project` VALUES (17, '地震热异常提取软项目', '664', '地震局地质研究所震前热异常自动提取软件开发项目', 4, '148000', '2017-03-05 00:00:00', NULL, '2017-03-05 00:00:00', '2018-03-05 00:00:00', '进行中', '2018-03-05 13:57:44', '2018-03-06 15:07:09');
INSERT INTO `project` VALUES (18, '售后服务及技术支持', '111', '售后服务及技术支持', 12, '0', '2018-03-06 00:00:00', NULL, '2018-03-01 00:00:00', '2018-12-31 00:00:00', '进行中', '2018-03-06 01:21:43', '2018-03-06 01:21:43');
INSERT INTO `project` VALUES (19, '空-天-地-内一体化地质灾害探（观）测技术研究', '663', '针对四川省强震作用持续影响、人类工程活动不断加剧、极端天气频繁出现、常规巡查手段力所不及等因素造成的地质灾害高发、频发问题，研究基于卫星InSAR的大面积地质灾害普查和变形重点区域分析技术，基于无人机倾斜摄影、机载LiDAR的灾害体形变特征的早期识别与成灾前兆信息的地质灾害隐患详查和疑似灾害点快速识别技术，基于地基InSAR、地面LiDAR、近景摄影测量及便携式地下（内   ）高精度监测等技术的地质灾害隐患精细核查和精细化判识技术，最终形成卫星InSAR、无人机LIDAR、无人机数字摄影测量、GBSAR、地面三维激光扫描、近景摄影测量和现场快速监测的空-天-地-内一体化的潜在大型滑坡隐患早期识别方法和成果，达到主动防范地质灾害的目的，有效避免重大灾害性事件发生，最大程度减少人民生命财产损失。', 4, '150000', '2018-01-01 00:00:00', NULL, '2018-01-01 00:00:00', '2020-12-31 00:00:00', '进行中', '2018-03-06 15:06:55', '2018-03-06 15:06:55');
INSERT INTO `project` VALUES (20, '基于粒子系统的水库泄洪过程动态模拟预研发', '662', '在Unity3D中实验性研发基于粒子系统的水库泄洪过程动态模拟可视化效果，并根据实际场景，进一步加入适应场景的水动力模型，增加动态模拟的可视化分析价值，从而支撑三维建模场景的交互能力', 4, '0', '2018-01-01 00:00:00', NULL, '2018-01-01 00:00:00', '2018-12-30 00:00:00', '进行中', '2018-03-06 15:31:27', '2018-03-06 15:31:27');
INSERT INTO `project` VALUES (21, '2018新城镇国家重点研发', '暂无', '2018新城镇国家重点研发项目我司拟承担课题2和课题4相关研究内容，预审报国拨110万，自筹250万', 4, '0', NULL, NULL, '2018-01-01 00:00:00', '2021-01-01 00:00:00', '进行中', '2018-03-10 06:24:31', '2018-03-10 06:38:55');
INSERT INTO `project` VALUES (23, '湖州水利项目', '160811', '湖州水利项目', 6, '30', '2017-03-01 00:00:00', NULL, '2017-01-01 00:00:00', '2018-06-30 00:00:00', '进行中', '2018-03-10 07:00:10', '2018-03-10 07:00:10');
INSERT INTO `project` VALUES (24, '3dsurvey 国内外技术对接', '0211', '', 8, '0', NULL, NULL, '2017-10-01 00:00:00', '2018-06-01 00:00:00', '进行中', '2018-03-12 13:56:03', '2018-03-12 13:56:03');

-- ----------------------------
-- Table structure for role
-- ----------------------------
DROP TABLE IF EXISTS `role`;
CREATE TABLE `role`  (
  `id` int(11) NOT NULL AUTO_INCREMENT,
  `role` varchar(255) CHARACTER SET utf8 COLLATE utf8_general_ci NULL DEFAULT NULL,
  `created_at` datetime(0) NOT NULL,
  `updated_at` datetime(0) NOT NULL,
  PRIMARY KEY (`id`) USING BTREE,
  UNIQUE INDEX `id`(`id`) USING BTREE
) ENGINE = InnoDB AUTO_INCREMENT = 13 CHARACTER SET = utf8 COLLATE = utf8_general_ci COMMENT = '项目信息' ROW_FORMAT = Dynamic;

-- ----------------------------
-- Records of role
-- ----------------------------
INSERT INTO `role` VALUES (1, '管理员', '2018-03-01 11:20:27', '2018-03-01 11:20:30');
INSERT INTO `role` VALUES (3, '总经理', '2018-03-01 11:20:58', '2018-03-01 11:21:01');
INSERT INTO `role` VALUES (4, '副总经理', '2018-03-01 11:21:23', '2018-03-01 11:21:25');
INSERT INTO `role` VALUES (5, '部门总监', '2018-03-01 11:21:51', '2018-03-01 11:21:53');
INSERT INTO `role` VALUES (6, '部门副总监', '2018-03-01 11:22:10', '2018-03-01 11:22:12');
INSERT INTO `role` VALUES (7, '产品经理', '2018-03-01 11:22:23', '2018-03-01 11:22:26');
INSERT INTO `role` VALUES (8, '研发工程师', '2018-03-01 11:22:42', '2018-03-01 11:22:45');
INSERT INTO `role` VALUES (9, '项目实施', '2018-03-01 11:22:57', '2018-03-01 11:23:00');
INSERT INTO `role` VALUES (10, '技术支持', '2018-03-01 11:23:10', '2018-03-01 11:23:14');
INSERT INTO `role` VALUES (11, '美工', '2018-03-01 11:23:24', '2018-03-01 11:23:27');
INSERT INTO `role` VALUES (12, '项目经理', '2018-03-01 11:24:01', '2018-03-01 11:24:04');

-- ----------------------------
-- Table structure for sandplant
-- ----------------------------
DROP TABLE IF EXISTS `sandplant`;
CREATE TABLE `sandplant`  (
  `uid` int(32) NOT NULL AUTO_INCREMENT,
  `name` varchar(255) CHARACTER SET utf8 COLLATE utf8_general_ci NULL DEFAULT NULL COMMENT '砂厂名称',
  `geometry` polygon NULL COMMENT '几何范围(WKT)',
  PRIMARY KEY (`uid`) USING BTREE
) ENGINE = InnoDB AUTO_INCREMENT = 180 CHARACTER SET = utf8 COLLATE = utf8_general_ci ROW_FORMAT = Dynamic;

-- ----------------------------
-- Records of sandplant
-- ----------------------------
INSERT INTO `sandplant` VALUES (151, '建材高新分场', ST_GeomFromText('POLYGON((115.821 28.3923, 115.821 28.3842, 115.833 28.3813, 115.835 28.3873, 115.832 28.3907, 115.821 28.3923))'));
INSERT INTO `sandplant` VALUES (152, '昌邑熊鹏砂场', ST_GeomFromText('POLYGON((115.848 28.3998, 115.847 28.3916, 115.853 28.388, 115.855 28.398, 115.848 28.3998))'));
INSERT INTO `sandplant` VALUES (159, '满巨优', ST_GeomFromText('POLYGON((115.9 28.7152, 115.899 28.7146, 115.901 28.715, 115.9 28.7152))'));
INSERT INTO `sandplant` VALUES (177, '公用实业（王家）', ST_GeomFromText('POLYGON((115.901 28.7155, 115.901 28.7152, 115.901 28.7153, 115.901 28.7155))'));
INSERT INTO `sandplant` VALUES (179, '昌邑邓保国', ST_GeomFromText('POLYGON((116.037 28.9981, 116.037 28.9961, 116.038 28.996, 116.038 28.9974, 116.038 28.998, 116.037 28.9982, 116.037 28.9981))'));

-- ----------------------------
-- Table structure for test
-- ----------------------------
DROP TABLE IF EXISTS `test`;
CREATE TABLE `test`  (
  `djdl` varchar(255) CHARACTER SET utf8 COLLATE utf8_general_ci NULL DEFAULT NULL,
  `xj` int(11) NULL DEFAULT NULL
) ENGINE = InnoDB CHARACTER SET = utf8 COLLATE = utf8_general_ci ROW_FORMAT = Dynamic;

-- ----------------------------
-- Records of test
-- ----------------------------
INSERT INTO `test` VALUES ('200', 202);
INSERT INTO `test` VALUES ('100', 101);

-- ----------------------------
-- Table structure for user
-- ----------------------------
DROP TABLE IF EXISTS `user`;
CREATE TABLE `user`  (
  `id` int(11) NOT NULL AUTO_INCREMENT,
  `username` varchar(255) CHARACTER SET utf8 COLLATE utf8_general_ci NULL DEFAULT NULL,
  `password` varchar(255) CHARACTER SET utf8 COLLATE utf8_general_ci NULL DEFAULT 'zjzhd',
  `role` int(11) NULL DEFAULT NULL,
  `department` varchar(255) CHARACTER SET utf8 COLLATE utf8_general_ci NULL DEFAULT NULL,
  `tel` varchar(255) CHARACTER SET utf8 COLLATE utf8_general_ci NULL DEFAULT NULL,
  `isAdmin` tinyint(1) NULL DEFAULT NULL,
  `created_at` datetime(0) NOT NULL,
  `updated_at` datetime(0) NOT NULL,
  `deleted_at` datetime(0) NULL DEFAULT NULL,
  PRIMARY KEY (`id`) USING BTREE,
  UNIQUE INDEX `id`(`id`) USING BTREE
) ENGINE = InnoDB AUTO_INCREMENT = 24 CHARACTER SET = utf8 COLLATE = utf8_general_ci ROW_FORMAT = Dynamic;

-- ----------------------------
-- Records of user
-- ----------------------------
INSERT INTO `user` VALUES (1, '李荣亚1', 'zjzhd', 3, '数据运营事业部', '18667909523', 1, '2018-03-05 08:14:50', '2018-04-14 07:34:47', '2018-04-14 07:35:11');
INSERT INTO `user` VALUES (2, 'admin', 'zjzhd', 1, '数据运营事业部', '15288888888', 1, '2018-02-28 15:34:16', '2018-03-01 07:44:08', NULL);
INSERT INTO `user` VALUES (4, '谢潇1', 'zjzhd', 6, '数据运营事业部', '18658155235', 1, '2018-03-05 07:56:21', '2018-04-14 07:35:46', '2018-04-14 07:36:59');
INSERT INTO `user` VALUES (5, '陈祥', '951222chen', 6, '数据运营事业部', '18667909227', 1, '2018-03-01 01:13:16', '2018-03-09 08:14:37', '2018-04-14 07:37:07');
INSERT INTO `user` VALUES (6, '王杰1', '666666', 8, '数据运营事业部', '13545221873', 0, '2018-03-05 07:54:03', '2018-04-14 09:24:13', NULL);
INSERT INTO `user` VALUES (7, '谢步祺1', '0510', 8, '数据运营事业部', '15271928004', 0, '2018-03-05 16:11:53', '2018-05-11 09:04:01', NULL);
INSERT INTO `user` VALUES (8, '黄爽', 'huang4322', 8, '数据运营事业部', '17605827211', 0, '2018-03-01 09:13:51', '2018-03-05 12:40:26', '2018-04-14 08:03:48');
INSERT INTO `user` VALUES (11, '崔志鹏', 'zjzhd', 8, '数据运营事业部', '18300701870', 0, '2018-03-05 07:56:47', '2018-03-05 07:56:47', '2018-04-14 08:06:51');
INSERT INTO `user` VALUES (12, '朱起', 'zjzhd', 12, '数据运营事业部', '18657106155', 0, '2018-03-05 07:57:37', '2018-03-09 08:12:06', '2018-04-14 06:29:48');
INSERT INTO `user` VALUES (13, '张昌景1', '13516806063', 8, '数据运营事业部', '123', 0, '2018-03-05 07:58:17', '2018-04-14 09:21:45', NULL);
INSERT INTO `user` VALUES (14, '孔德彬', 'zjzhd', 8, '数据运营事业部', '15806966641', 0, '2018-03-05 07:58:56', '2018-03-05 07:58:56', '2018-04-14 07:38:21');
INSERT INTO `user` VALUES (15, '聂刚', 'ngnnggQaz1993', 10, '数据运营事业部', '18081026972', 0, '2018-03-05 07:59:31', '2018-03-06 01:10:51', '2018-04-14 06:31:09');
INSERT INTO `user` VALUES (16, '邵承志', '1', 10, '数据运营事业部', '17664552022', 0, '2018-03-05 08:00:29', '2018-03-06 00:35:40', '2018-04-14 08:11:55');
INSERT INTO `user` VALUES (17, '陈慧臣', 'zjzhd', 11, '数据运营事业部', '15757156832', 0, '2018-03-05 08:01:10', '2018-03-05 08:16:19', '2018-04-14 08:10:59');
INSERT INTO `user` VALUES (18, '赵得意', 'zjzhd', 8, '数据运营事业部', '17696871023', 0, '2018-03-05 08:01:41', '2018-03-06 00:26:08', '2018-04-14 08:05:31');
INSERT INTO `user` VALUES (19, '姚曦', 'ffy*15829284940', 8, '数据运营事业部', '15925600276', 0, '2018-03-05 08:02:11', '2018-03-06 00:06:26', '2018-04-14 08:10:19');
INSERT INTO `user` VALUES (20, '胡建邦', 'zjzhd', 8, '数据运营事业部', '17751130335', 0, '2018-03-05 08:02:33', '2018-03-05 08:02:33', '2018-04-14 08:08:05');
INSERT INTO `user` VALUES (21, '金晖', 'zjzhd', 8, '数据运营事业部', '13588052575', 0, '2018-03-05 08:03:18', '2018-03-06 00:38:26', '2018-04-14 08:10:12');
INSERT INTO `user` VALUES (22, '李雨田', 'zjzhd', 7, '数据运营事业部', '18268346738', 0, '2018-03-05 08:03:46', '2018-03-05 08:03:46', '2018-04-14 08:12:05');
INSERT INTO `user` VALUES (23, '温爱博', 'zjzhd', 8, '数据运营事业部', '1835729196123123', 0, '2018-03-01 07:57:18', '2018-04-14 09:21:04', NULL);

-- ----------------------------
-- Table structure for weekly
-- ----------------------------
DROP TABLE IF EXISTS `weekly`;
CREATE TABLE `weekly`  (
  `id` int(11) NOT NULL AUTO_INCREMENT,
  `startTime` datetime(0) NULL DEFAULT NULL,
  `endTime` datetime(0) NULL DEFAULT NULL,
  `taskDesc` varchar(10000) CHARACTER SET utf8 COLLATE utf8_general_ci NULL DEFAULT NULL,
  `taskTime` int(11) NULL DEFAULT NULL,
  `taskType` varchar(255) CHARACTER SET utf8 COLLATE utf8_general_ci NULL DEFAULT NULL,
  `approveTaskTime` int(11) NULL DEFAULT NULL,
  `process` varchar(255) CHARACTER SET utf8 COLLATE utf8_general_ci NULL DEFAULT NULL,
  `project` int(11) NULL DEFAULT NULL,
  `isApprove` varchar(255) CHARACTER SET utf8 COLLATE utf8_general_ci NULL DEFAULT NULL,
  `executor` int(11) NULL DEFAULT NULL,
  `approveOpinion` varchar(10000) CHARACTER SET utf8 COLLATE utf8_general_ci NULL DEFAULT NULL,
  `approver` int(11) NULL DEFAULT NULL,
  `created_at` datetime(0) NOT NULL,
  `updated_at` datetime(0) NOT NULL,
  `deleted_at` datetime(0) NULL DEFAULT NULL,
  `month` int(11) NULL DEFAULT NULL COMMENT '一年中的第几个月',
  `week` int(11) NULL DEFAULT NULL COMMENT '一年中的第几周',
  `year` int(11) NULL DEFAULT NULL,
  PRIMARY KEY (`id`) USING BTREE,
  UNIQUE INDEX `id`(`id`) USING BTREE,
  INDEX `project`(`project`) USING BTREE,
  INDEX `executor`(`executor`) USING BTREE,
  INDEX `approver`(`approver`) USING BTREE,
  CONSTRAINT `weekly_ibfk_1` FOREIGN KEY (`project`) REFERENCES `project` (`id`) ON DELETE NO ACTION ON UPDATE CASCADE,
  CONSTRAINT `weekly_ibfk_2` FOREIGN KEY (`executor`) REFERENCES `user` (`id`) ON DELETE NO ACTION ON UPDATE CASCADE,
  CONSTRAINT `weekly_ibfk_3` FOREIGN KEY (`approver`) REFERENCES `user` (`id`) ON DELETE NO ACTION ON UPDATE CASCADE
) ENGINE = InnoDB AUTO_INCREMENT = 125 CHARACTER SET = utf8 COLLATE = utf8_general_ci ROW_FORMAT = Dynamic;

-- ----------------------------
-- Records of weekly
-- ----------------------------
INSERT INTO `weekly` VALUES (15, '2018-03-05 00:00:00', '2018-03-06 00:00:00', '测试', 2, '模块开发', NULL, '已完成', 7, '尚未审批', 7, NULL, NULL, '2018-03-05 09:04:08', '2018-03-05 09:04:08', '2018-03-05 09:04:41', 3, 10, 2018);
INSERT INTO `weekly` VALUES (16, '2018-02-23 00:00:00', '2018-03-02 00:00:00', '1. 更换运单操作接口，防止多个操作冲突\n2. 修改了链接有效性验证方式\n3. 修改了设置界面\n4. 点击通知栏时先更新数据再操作\n5. 填写运砂量时默认弹出数字键盘\n6. 去掉app调用推送，改为后台直接推送', 64, 'bug修改', 64, '已完成', 6, '是', 11, '', 4, '2018-03-05 09:32:03', '2018-03-09 08:33:43', NULL, 3, 9, 2018);
INSERT INTO `weekly` VALUES (17, '2018-02-25 00:00:00', '2018-02-26 00:00:00', '安吉管线，按管径查询', 6, '模块开发', 6, '已完成', 10, '否', 13, '', 5, '2018-03-05 10:24:05', '2018-03-06 01:09:38', '2018-03-06 01:10:20', 2, 9, 2018);
INSERT INTO `weekly` VALUES (18, '2018-02-25 00:00:00', '2018-03-02 00:00:00', '完成了项目管理系统的基本功能模块，包括项目管理模块，周报填报和审批模块，人员管理模块', 64, '模块开发', 64, '已完成', 13, '是', 7, '', 7, '2018-03-05 11:14:00', '2018-03-06 08:36:26', NULL, 3, 9, 2018);
INSERT INTO `weekly` VALUES (19, '2018-02-25 00:00:00', '2018-03-02 00:00:00', '测试', 7, '项目实施', NULL, '已完成', 6, '尚未审批', 8, NULL, NULL, '2018-03-05 12:17:17', '2018-03-05 12:17:17', '2018-03-05 12:26:50', 3, 9, 2018);
INSERT INTO `weekly` VALUES (20, '2017-02-23 00:00:00', '2018-03-02 00:00:00', '项目管理层面：\n1、根据当前项目完成情况，针对于第二阶段的验收目标（4.12号）详细制定了总体及各模块的工作计划安排。\n2、与各模块负责人详细沟通计划安排及答疑\n3、与砂石公司解释清楚公司人事变动并由此带来的新阶段的任务分工。\n项目实施层面：\n1、与海达数云翁总就一键式启动模块做详细设计变动确认并启动第二台三维激光扫描仪的安装测试\n2、根据翁工提供供参考的不间断电源型号，购置不间断电源并于3.5号出差南昌到砂石公司测试，确认无误，充电\n3、配合廖工做好第一阶段工作说明。\n4、组织慧臣和小裴对动画在细节上稍作修改', 64, '项目实施', 64, '已完成', 6, '是', 8, '', 4, '2018-03-05 12:33:50', '2018-03-09 08:34:05', NULL, 3, 9, 2018);
INSERT INTO `weekly` VALUES (21, '2018-03-01 00:00:00', '2018-03-13 00:00:00', '安地', 24, '功能测试', NULL, '已完成', 10, '尚未审批', 17, NULL, NULL, '2018-03-06 00:20:48', '2018-03-06 00:20:48', '2018-03-06 00:21:09', 3, 11, 2018);
INSERT INTO `weekly` VALUES (22, '2017-02-23 00:00:00', '2018-03-02 00:00:00', '', 40, '方案设计', NULL, '已完成', 6, '尚未审批', 19, NULL, NULL, '2018-03-06 00:20:59', '2018-03-06 00:20:59', '2018-03-06 00:21:08', 3, 9, 2018);
INSERT INTO `weekly` VALUES (23, '2018-03-01 00:00:00', '2018-03-04 00:00:00', '按时', 24, '方案设计', NULL, '已完成', 9, '尚未审批', 17, NULL, NULL, '2018-03-06 00:23:21', '2018-03-06 00:23:21', '2018-03-06 00:38:44', 3, 9, 2018);
INSERT INTO `weekly` VALUES (24, '2018-03-05 00:00:00', '2018-03-05 00:00:00', '检查一遍江山的系统，确保没问题。\n兰溪管控平台流程确认', 8, '功能测试', NULL, '已完成', 7, '尚未审批', 16, NULL, NULL, '2018-03-06 00:29:34', '2018-03-06 00:29:34', NULL, 3, 10, 2018);
INSERT INTO `weekly` VALUES (25, '2018-02-23 00:00:00', '2018-02-25 00:00:00', '中宁水利项目数据库整理设计', 24, '方案设计', 24, '已完成', 8, '是', 6, '', 6, '2018-03-06 00:31:17', '2018-03-06 01:09:18', NULL, 2, 8, 2018);
INSERT INTO `weekly` VALUES (26, '2018-03-05 00:00:00', '2018-03-05 00:00:00', '配合庐州项目BS端代码修改（目前主要集中在管线分析功能，由于没有验收钱未到账，尚处在权利配合阶段）', 8, '模块开发', NULL, '未完成', 5, '尚未审批', 23, NULL, NULL, '2018-03-06 00:32:42', '2018-03-06 00:52:35', NULL, 3, 10, 2018);
INSERT INTO `weekly` VALUES (27, '2018-02-23 00:00:00', '2018-03-02 00:00:00', '方案编写，系统整体设计、功能设计、交互设计，演示材料准备', 64, '方案设计', NULL, '未完成', 11, '尚未审批', 21, NULL, NULL, '2018-03-06 00:33:16', '2018-03-06 00:47:44', NULL, 3, 9, 2018);
INSERT INTO `weekly` VALUES (28, '2018-02-26 00:00:00', '2018-03-02 00:00:00', '1. 中宁县水利工程表格数据处理\n2. 与坤博测绘相关人员对接数据问题\n3. 整理功能文档以及系统界面存在的问题\n4. 学习Android MVP框架设计', 40, '项目实施', 40, '已完成', 8, '是', 6, '', 6, '2018-03-06 00:35:02', '2018-03-06 01:08:35', NULL, 3, 9, 2018);
INSERT INTO `weekly` VALUES (29, '2018-02-26 00:00:00', '2018-02-26 00:00:00', '辅助庐州项目BS管线系统开发', 1, '功能测试', NULL, '未完成', 5, '尚未审批', 23, NULL, NULL, '2018-03-06 00:38:24', '2018-03-06 00:57:53', NULL, 2, 9, 2018);
INSERT INTO `weekly` VALUES (30, '2018-02-26 00:00:00', '2018-02-26 00:00:00', '参照，学习搭建.net后台WebAPI架构', 8, '模块开发', NULL, '已完成', 5, '尚未审批', 18, NULL, NULL, '2018-03-06 00:38:25', '2018-03-06 00:42:41', NULL, 2, 9, 2018);
INSERT INTO `weekly` VALUES (31, '2018-02-27 00:00:00', '2018-03-01 00:00:00', '项目管理系统登录界面设计及尺寸标注切图；浏览器显示小图标', 16, '方案设计', 16, '已完成', 13, '是', 17, '', 7, '2018-03-06 00:38:32', '2018-03-06 08:36:01', NULL, 3, 9, 2018);
INSERT INTO `weekly` VALUES (32, '2018-02-26 00:00:00', '2018-02-26 00:00:00', '周一：实现【运砂船管理】、【采砂船管理】默认选中船主、船型等信息。', 8, 'bug修改', 8, '已完成', 6, '是', 14, '', 4, '2018-03-06 00:39:26', '2018-03-09 08:35:54', NULL, 2, 9, 2018);
INSERT INTO `weekly` VALUES (33, '2018-03-01 00:00:00', '2018-03-02 00:00:00', '赣昌砂石web动画修改', 16, '项目实施', 16, '已完成', 6, '是', 17, '', 4, '2018-03-06 00:40:14', '2018-03-09 08:34:26', NULL, 3, 9, 2018);
INSERT INTO `weekly` VALUES (34, '2018-02-27 00:00:00', '2018-02-27 00:00:00', '周二：1.优化【异常管理】中筛选功能。\n2.Map界面【异常显示】优化css样式，解决字段过长而产生的错位情况。', 8, 'bug修改', 8, '已完成', 6, '是', 14, '', 4, '2018-03-06 00:40:53', '2018-03-09 08:35:36', NULL, 2, 9, 2018);
INSERT INTO `weekly` VALUES (35, '2018-02-27 00:00:00', '2018-02-27 00:00:00', '庐州项目代码培训（soe部分），（soe代码修改过，所有字段通过配置文件动态分析，城投看不懂）', 8, '模块开发', NULL, '未完成', 5, '尚未审批', 23, NULL, NULL, '2018-03-06 00:41:34', '2018-03-06 00:53:30', NULL, 2, 9, 2018);
INSERT INTO `weekly` VALUES (36, '2018-02-27 00:00:00', '2018-02-27 00:00:00', '安装Oracle数据库，设计数据表格', 8, '模块开发', NULL, '已完成', 5, '尚未审批', 18, NULL, NULL, '2018-03-06 00:42:16', '2018-03-06 00:48:00', NULL, 2, 9, 2018);
INSERT INTO `weekly` VALUES (37, '2018-02-28 00:00:00', '2018-02-28 00:00:00', '庐州项目配合代码修改', 6, '模块开发', NULL, '已完成', 5, '尚未审批', 23, NULL, NULL, '2018-03-06 00:43:02', '2018-03-06 00:53:10', NULL, 2, 9, 2018);
INSERT INTO `weekly` VALUES (38, '2018-02-23 00:00:00', '2018-03-02 00:00:00', '学习layui admin后台管理系统源码和开发文档，了解SPA单页面应用的路由跳转方式，测试小功能。\n学习layui框架v2.2.5版本更新的新特性。\n学习layui树，编写demo示例。', 64, '模块开发', NULL, '未完成', 11, '尚未审批', 19, NULL, NULL, '2018-03-06 00:43:24', '2018-03-06 01:03:57', NULL, 3, 9, 2018);
INSERT INTO `weekly` VALUES (39, '2018-02-28 00:00:00', '2018-02-28 00:00:00', '学习layui admin框架', 2, '模块开发', NULL, '已完成', 11, '尚未审批', 23, NULL, NULL, '2018-03-06 00:44:21', '2018-03-06 00:53:19', NULL, 2, 9, 2018);
INSERT INTO `weekly` VALUES (40, '2018-02-28 00:00:00', '2018-02-28 00:00:00', '使用layui组件搭建前端界面', 8, '模块开发', NULL, '已完成', 5, '尚未审批', 18, NULL, NULL, '2018-03-06 00:44:46', '2018-03-06 00:44:46', NULL, 2, 9, 2018);
INSERT INTO `weekly` VALUES (41, '2018-02-23 00:00:00', '2018-03-02 00:00:00', '江山出差', 8, '项目实施', NULL, '已完成', 7, '尚未审批', 16, NULL, NULL, '2018-03-06 00:46:02', '2018-03-06 00:46:02', '2018-03-06 00:46:45', 3, 9, 2018);
INSERT INTO `weekly` VALUES (42, '2018-02-23 00:00:00', '2018-03-02 00:00:00', '1、运单管理系统测试及任务安排\n2、运单APP IOS版测试，并依据测试结果安排外包单位修改BUG\n3、RFID识别系统测试及设备采购', 64, '项目实施', 64, '已完成', 6, '是', 5, '', 4, '2018-03-06 00:46:03', '2018-03-09 08:35:01', NULL, 3, 9, 2018);
INSERT INTO `weekly` VALUES (43, '2018-02-25 00:00:00', '2018-02-26 00:00:00', '宁夏智慧水利平台界面修改（完成年度统计+灌区管理页面）', 16, '方案设计', NULL, '未完成', 11, '尚未审批', 17, NULL, NULL, '2018-03-06 00:47:00', '2018-03-06 00:47:00', '2018-03-06 00:50:38', 2, 9, 2018);
INSERT INTO `weekly` VALUES (44, '2018-03-01 00:00:00', '2018-03-01 00:00:00', 'layui admin学习（参考水利项目），同时准备后台权限管理系统的升级，从ace框架升级到layui admin', 8, '模块开发', NULL, '已完成', 11, '尚未审批', 23, NULL, NULL, '2018-03-06 00:47:12', '2018-03-06 00:52:47', NULL, 3, 9, 2018);
INSERT INTO `weekly` VALUES (45, '2018-03-01 00:00:00', '2018-03-01 00:00:00', '实现用户登录，人员注册功能', 8, '模块开发', NULL, '已完成', 5, '尚未审批', 18, NULL, NULL, '2018-03-06 00:47:13', '2018-03-06 00:47:39', NULL, 3, 9, 2018);
INSERT INTO `weekly` VALUES (46, '2018-02-23 00:00:00', '2018-02-23 00:00:00', '江山出差', 8, '项目实施', 8, '已完成', 7, '是', 16, '提交相应出差报告', 12, '2018-03-06 00:47:14', '2018-03-10 07:26:09', NULL, 2, 8, 2018);
INSERT INTO `weekly` VALUES (47, '2018-02-24 00:00:00', '2018-02-24 00:00:00', '江山出差', 8, '项目实施', NULL, '已完成', 7, '尚未审批', 16, NULL, NULL, '2018-03-06 00:47:41', '2018-03-06 00:47:41', NULL, 2, 8, 2018);
INSERT INTO `weekly` VALUES (48, '2018-03-02 00:00:00', '2018-03-02 00:00:00', '后台权限管理系统的开发阶段-主框架搭建（尚处在学习阶段）', 8, '模块开发', NULL, '未完成', 11, '尚未审批', 23, NULL, NULL, '2018-03-06 00:48:09', '2018-03-06 00:52:41', NULL, 3, 9, 2018);
INSERT INTO `weekly` VALUES (49, '2018-02-28 00:00:00', '2018-02-28 00:00:00', '周三：\n1.地图缩放，按照一定比例尺放大缩小地图；\n2.图层切换，影像图交通图切换；\n3.测距，测面；\n4.【综合地图】主界面优化。\n', 8, '模块开发', 8, '已完成', 8, '是', 14, '', 6, '2018-03-06 00:48:55', '2018-03-06 01:09:00', NULL, 2, 9, 2018);
INSERT INTO `weekly` VALUES (50, '2018-02-25 00:00:00', '2018-02-25 00:00:00', '撰写出差报告，解决江山服务器无法部署API的问题', 8, '项目实施', NULL, '未完成', 7, '尚未审批', 16, NULL, NULL, '2018-03-06 00:49:24', '2018-03-06 00:49:52', NULL, 2, 8, 2018);
INSERT INTO `weekly` VALUES (51, '2018-02-23 00:00:00', '2018-02-23 00:00:00', '庐州项目bug修改(城投提供了bug列表，共8项目，采用逐一修改方式)', 1, 'bug修改', NULL, '未完成', 5, '尚未审批', 23, NULL, NULL, '2018-03-06 00:49:43', '2018-03-06 00:56:12', NULL, 2, 8, 2018);
INSERT INTO `weekly` VALUES (52, '2018-03-02 00:00:00', '2018-03-02 00:00:00', '测试dapper组件，使用轻量级的ORM操作数据库', 8, '模块开发', NULL, '已完成', 5, '尚未审批', 18, NULL, NULL, '2018-03-06 00:50:04', '2018-03-06 00:50:04', NULL, 3, 9, 2018);
INSERT INTO `weekly` VALUES (53, '2018-02-26 00:00:00', '2018-02-26 00:00:00', '解决江山服务器无法部署API的问题', 8, '项目实施', NULL, '已完成', 7, '尚未审批', 16, NULL, NULL, '2018-03-06 00:50:12', '2018-03-06 00:50:12', NULL, 2, 9, 2018);
INSERT INTO `weekly` VALUES (54, '2018-02-25 00:00:00', '2018-02-26 00:00:00', '宁夏智慧水利平台界面修改（完成年度统计+灌区管理页面）', 10, '方案设计', NULL, '已完成', 11, '尚未审批', 17, NULL, NULL, '2018-03-06 00:50:16', '2018-03-06 00:50:16', NULL, 2, 9, 2018);
INSERT INTO `weekly` VALUES (55, '2018-03-01 00:00:00', '2018-03-01 00:00:00', '周四：\n工程管理：水库、水闸、淤地坝、渠道工程，基本数据的增删改查功能。', 8, '模块开发', 8, '已完成', 8, '是', 14, '', 6, '2018-03-06 00:51:35', '2018-03-06 01:08:50', NULL, 3, 9, 2018);
INSERT INTO `weekly` VALUES (56, '2018-02-24 00:00:00', '2018-02-24 00:00:00', '庐州项目bug修改，共完成4/8（8个中的4个BUG,经排查，其中两个Bug存在数据不完整问题，一个bug为代码逻辑问题，一个为庐州开发过程派生BUg）', 8, 'bug修改', NULL, '未完成', 5, '尚未审批', 23, NULL, NULL, '2018-03-06 00:51:56', '2018-03-06 00:54:05', NULL, 2, 8, 2018);
INSERT INTO `weekly` VALUES (57, '2018-02-23 00:00:00', '2018-02-25 00:00:00', '配合泸州甲方单位项目开发人员，修改bug', 20, 'bug修改', NULL, '已完成', 5, '尚未审批', 18, NULL, NULL, '2018-03-06 00:52:00', '2018-03-06 00:55:05', NULL, 2, 8, 2018);
INSERT INTO `weekly` VALUES (58, '2018-03-02 00:00:00', '2018-03-02 00:00:00', '综合地图：【水库】基于坐标渲染在底图，并实现弹框。\n工程管理：水库、水闸的定位功能。\n', 8, '模块开发', 8, '已完成', 8, '是', 14, '', 6, '2018-03-06 00:54:07', '2018-03-06 01:08:17', NULL, 3, 9, 2018);
INSERT INTO `weekly` VALUES (59, '2018-03-05 00:00:00', '2018-03-05 00:00:00', '实现文件（照片）批量上传功能，客户端能够查看阅读', 8, '模块开发', NULL, '已完成', 5, '尚未审批', 18, NULL, NULL, '2018-03-06 00:54:34', '2018-03-06 00:54:34', NULL, 3, 10, 2018);
INSERT INTO `weekly` VALUES (60, '2018-02-27 00:00:00', '2018-02-27 00:00:00', '配置整理安吉系统、文档', 8, '功能测试', NULL, '已完成', 7, '尚未审批', 16, NULL, NULL, '2018-03-06 00:55:34', '2018-03-06 00:56:01', NULL, 2, 9, 2018);
INSERT INTO `weekly` VALUES (61, '2018-02-25 00:00:00', '2018-02-25 00:00:00', '1、庐州项目bug修改，阶段性bug修改结束（城投暂时不做bug修改）\n2、后台权限管理系统一些bug修改', 8, 'bug修改', NULL, '已完成', 5, '尚未审批', 23, NULL, NULL, '2018-03-06 00:55:44', '2018-03-06 00:57:09', NULL, 2, 8, 2018);
INSERT INTO `weekly` VALUES (62, '2018-02-23 00:00:00', '2018-02-25 00:00:00', '配合江山项目需求，修改三维bug', 4, 'bug修改', NULL, '已完成', 7, '尚未审批', 18, NULL, NULL, '2018-03-06 00:56:24', '2018-03-06 00:56:50', NULL, 2, 8, 2018);
INSERT INTO `weekly` VALUES (63, '2018-02-28 00:00:00', '2018-02-28 00:00:00', '配置整理江山市系统文档', 8, '功能测试', NULL, '已完成', 7, '尚未审批', 16, NULL, NULL, '2018-03-06 00:56:39', '2018-03-06 00:56:39', NULL, 2, 9, 2018);
INSERT INTO `weekly` VALUES (64, '2018-02-25 00:00:00', '2018-02-25 00:00:00', '安卓端设置页面设计，ios平台图标修改替换', 4, '方案设计', 4, '已完成', 6, '是', 17, '', 4, '2018-03-06 01:03:05', '2018-03-09 08:36:10', NULL, 2, 8, 2018);
INSERT INTO `weekly` VALUES (65, '2018-02-23 00:00:00', '2018-03-02 00:00:00', '20180225-20180226：安吉管线项目，新增按管径查询以及对应bug调试修改，\n其他，项目技术学习，html，js，css学习，mysql部署', 64, '功能测试', 64, '已完成', 10, '是', 13, '', 5, '2018-03-06 01:03:15', '2018-03-06 01:34:54', NULL, 3, 9, 2018);
INSERT INTO `weekly` VALUES (66, '2018-02-25 00:00:00', '2018-02-26 00:00:00', '四川智图册子印刷事宜沟通及修改', 2, '项目实施', NULL, '已完成', 12, '尚未审批', 17, NULL, NULL, '2018-03-06 01:06:28', '2018-03-06 01:06:28', NULL, 2, 9, 2018);
INSERT INTO `weekly` VALUES (67, '2018-02-23 00:00:00', '2018-03-02 00:00:00', '02-23:测试APP,完善消息推送\n02-24:修复部分bug\n02-25:将运单流程接口细化,单独控制\n02-26:完善流程接口,以及相应接口的消息推送\n02-27:完善流程接口,加入控制条件\n02-28:将APP上的权限控制改为自定义valve\n03-01:修复部分bug,以及中宁项目数据库建表\n03-02:中宁项目数据库导入数据,以及完成各模块的增删改查,南昌项目测试APP', 64, '模块开发', 64, '已完成', 6, '是', 20, '', 4, '2018-03-06 01:11:27', '2018-03-09 08:35:20', NULL, 3, 9, 2018);
INSERT INTO `weekly` VALUES (68, '2018-02-23 00:00:00', '2018-03-02 00:00:00', '1.学习金华市排水项目相关技术文件。\n2.配置江山管线系统和安吉管线系统。\n3.与泸州管线项目客户沟通确认需求。\n4.解决移动硬盘故障无法正常读写的故障。\n5.前往金华市市政管理处调研项目需求，还在进行中。', 64, '项目实施', NULL, '未完成', 14, '尚未审批', 15, NULL, NULL, '2018-03-06 01:16:02', '2018-03-06 01:38:00', NULL, 3, 9, 2018);
INSERT INTO `weekly` VALUES (69, '2018-03-01 00:00:00', '2018-03-01 00:00:00', '学习JavaScript、nodejs测试', 8, '项目实施', 8, '未完成', 10, '是', 16, '', 5, '2018-03-06 01:27:31', '2018-03-06 01:34:37', NULL, 3, 9, 2018);
INSERT INTO `weekly` VALUES (70, '2018-03-02 00:00:00', '2018-03-02 00:00:00', '学习JavaScript、nodejs测试', 8, '项目实施', 8, '未完成', 10, '是', 16, '', 5, '2018-03-06 01:27:48', '2018-03-06 01:35:03', NULL, 3, 9, 2018);
INSERT INTO `weekly` VALUES (71, '2018-02-23 00:00:00', '2018-02-23 00:00:00', '上海出差，2018重点研发项目文件盖章及递交给申请小组', 8, '方案设计', NULL, '已完成', 12, '尚未审批', 8, NULL, NULL, '2018-03-06 02:06:27', '2018-03-06 02:06:27', NULL, 2, 8, 2018);
INSERT INTO `weekly` VALUES (72, '2017-03-23 00:00:00', '2018-03-02 00:00:00', '项目管理层面：\n1、根据当前项目完成情况，针对于第二阶段的验收目标（4.12号）详细制定了总体及各模块的工作计划安排。\n2、与各模块负责人详细沟通计划安排及答疑\n3、与砂石公司解释清楚公司人事变动并由此带来的新阶段的任务分工。\n项目实施层面：\n1、与海达数云翁总就一键式启动模块做详细设计变动确认并启动第二台三维激光扫描仪的安装测试\n2、根据翁工提供供参考的不间断电源型号，购置不间断电源并于3.5号出差南昌到砂石公司测试，确认无误，充电\n3、配合廖工做好第一阶段工作说明。\n4、组织慧臣和小裴对动画在细节上稍作修改', 64, '项目实施', NULL, '已完成', 6, '尚未审批', 8, NULL, NULL, '2018-03-06 02:41:31', '2018-03-06 02:41:31', '2018-03-06 02:44:41', 3, 9, 2018);
INSERT INTO `weekly` VALUES (73, '2018-03-06 00:00:00', '2018-03-06 00:00:00', '异常不能正常渲染', 8, 'bug修改', 8, '已完成', 6, '是', 7, '', 4, '2018-03-06 08:37:23', '2018-03-09 08:33:19', NULL, 3, 10, 2018);
INSERT INTO `weekly` VALUES (74, '2018-03-05 00:00:00', '2018-03-05 00:00:00', '修改一些一直的bug并部署到服务器', 8, '模块开发', 8, '已完成', 13, '是', 7, '', 7, '2018-03-06 08:38:29', '2018-03-10 06:49:47', NULL, 3, 10, 2018);
INSERT INTO `weekly` VALUES (75, '2018-03-08 00:00:00', '2018-03-08 00:00:00', '配合庐州开发人员，1.换网站风格 2.解决 地图无法显示、不重叠、偏移问题（代码 + 数据）', 6, 'bug修改', NULL, '已完成', 5, '尚未审批', 23, NULL, NULL, '2018-03-09 08:41:37', '2018-03-09 08:41:37', NULL, 3, 10, 2018);
INSERT INTO `weekly` VALUES (76, '2018-03-06 00:00:00', '2018-03-06 00:00:00', '安装并使用mysql数据库，学习动软代码生成器', 8, '模块开发', NULL, '已完成', 5, '尚未审批', 18, NULL, NULL, '2018-03-10 00:50:24', '2018-03-10 00:50:24', NULL, 3, 10, 2018);
INSERT INTO `weekly` VALUES (77, '2018-03-07 00:00:00', '2018-03-07 00:00:00', '利用webapi，实现基于mysql 数据库的增删改查', 8, '模块开发', NULL, '已完成', 5, '尚未审批', 18, NULL, NULL, '2018-03-10 00:51:25', '2018-03-10 00:51:25', NULL, 3, 10, 2018);
INSERT INTO `weekly` VALUES (78, '2018-03-08 00:00:00', '2018-03-08 00:00:00', '给用户访问添加token权限控制', 8, '模块开发', NULL, '已完成', 5, '尚未审批', 18, NULL, NULL, '2018-03-10 00:52:17', '2018-03-10 00:52:17', NULL, 3, 10, 2018);
INSERT INTO `weekly` VALUES (79, '2018-03-09 00:00:00', '2018-03-09 00:00:00', '了解layui组件运用模块', 8, '', NULL, '已完成', 5, '尚未审批', 18, NULL, NULL, '2018-03-10 00:54:46', '2018-03-10 00:54:46', '2018-03-10 00:56:04', 3, 10, 2018);
INSERT INTO `weekly` VALUES (80, '2018-03-09 00:00:00', '2018-03-09 00:00:00', 'token控制权限在项目中实现', 8, '模块开发', NULL, '已完成', 5, '尚未审批', 18, NULL, NULL, '2018-03-10 00:55:51', '2018-03-10 00:56:20', NULL, 3, 10, 2018);
INSERT INTO `weekly` VALUES (81, '2018-03-06 00:00:00', '2018-03-06 00:00:00', '后台权限管理系统升级-设计阶段（熟悉layui为主）', 8, '模块开发', NULL, '未完成', 5, '尚未审批', 23, NULL, NULL, '2018-03-10 03:10:22', '2018-03-10 03:10:52', NULL, 3, 10, 2018);
INSERT INTO `weekly` VALUES (82, '2018-03-07 00:00:00', '2018-03-07 00:00:00', '后台权限管理系统升级-设计阶段（熟悉layui为主，同时记录问题，准备与李博士交流学习）', 8, '模块开发', NULL, '未完成', 5, '尚未审批', 23, NULL, NULL, '2018-03-10 03:12:02', '2018-03-10 03:12:02', NULL, 3, 10, 2018);
INSERT INTO `weekly` VALUES (83, '2018-03-05 00:00:00', '2018-03-10 00:00:00', 'web学习\nArcGIS Desktop / Engine 试部署\n泸州项目问题解决', 42, '模块开发', 42, '已完成', 10, '是', 13, '', 5, '2018-03-10 03:13:36', '2018-03-10 06:05:42', NULL, 3, 10, 2018);
INSERT INTO `weekly` VALUES (84, '2018-03-08 00:00:00', '2018-03-08 00:00:00', '研究layui中引用，解决leaftlet加载地图功能，同时尝试不同方式的加载', 3, '模块开发', NULL, '已完成', 11, '尚未审批', 23, NULL, NULL, '2018-03-10 03:14:38', '2018-03-10 03:14:38', NULL, 3, 10, 2018);
INSERT INTO `weekly` VALUES (85, '2018-03-09 00:00:00', '2018-03-09 00:00:00', '地震局项目修改整理，焦博士提出的问题（20180309）之前已经解决，这次解决陈博士在测试过程中发现的bug以及不合适的提示\n', 6, '模块开发', NULL, '已完成', 17, '尚未审批', 13, NULL, NULL, '2018-03-10 03:15:56', '2018-03-10 03:15:56', NULL, 3, 10, 2018);
INSERT INTO `weekly` VALUES (86, '2018-03-09 00:00:00', '2018-03-09 00:00:00', '1、开发河湖管控系统-河道模块（layui框架）\n2、layui图标unicode更换（未解决）\n3、其他界面样式更改', 6, '模块开发', NULL, '已完成', 11, '尚未审批', 23, NULL, NULL, '2018-03-10 03:18:23', '2018-03-10 03:19:25', NULL, 3, 10, 2018);
INSERT INTO `weekly` VALUES (87, '2018-03-09 00:00:00', '2018-03-09 00:00:00', '权限管理系统升级（layui）- 模块设计阶段（设计系统和角色两模块的用户交互）', 2, '模块开发', NULL, '已完成', 5, '尚未审批', 23, NULL, NULL, '2018-03-10 03:20:41', '2018-03-10 03:20:41', NULL, 3, 10, 2018);
INSERT INTO `weekly` VALUES (88, '2018-03-03 00:00:00', '2018-03-10 00:00:00', '1.在金华市政管理处张工的带领下前往开发区进行需求调研，了解开发区已做过的解决方案和业务需求。\n2.前往市政管理处与施主任交流调研进度以及确认施主任的总体要求。\n3.前往婺城区观看浙大水业有限公司建立的农村生活污水治理智能管理平台。\n4.前往金华市自来水公司调研需求，观看自来水公司现有的GIS平台和SCADA系统。\n5.与张工交流系统建设的总体设计方案和总体需求。\n6.将调研结果形成需求报告。', 64, '项目实施', NULL, '未完成', 14, '尚未审批', 15, NULL, NULL, '2018-03-10 03:25:52', '2018-03-15 01:18:49', NULL, 3, 10, 2018);
INSERT INTO `weekly` VALUES (89, '2018-03-05 00:00:00', '2018-03-10 00:00:00', '03-05：与金华市政管理处张工、朱起、聂刚一起去了金华金华开发区，从潘局那里收集了之前开发区准备建设的排水管理系统的建设方案\n\n03-06：整理调研资料，汇总需求，编写文档\n\n03-07：与市政管理处施主任谈话，进一步明确了当前工作的重点。\n与雷站长、张工、朱起、聂刚去了浙大水业公司，调研他们的农村污水管理系统\n\n03-08：与张工、朱起、聂刚去了金华自来水总公司，与彭科长交流。\n调研了自来水厂的SCADA系统和在建的GIS平台\n\n03-09：整理调研资料，汇总需求，编写文档\n\n03-10：整理调研资料，汇总需求，编写文档', 48, '方案设计', NULL, '已完成', 14, '尚未审批', 22, NULL, NULL, '2018-03-10 03:34:27', '2018-03-10 03:34:27', NULL, 3, 10, 2018);
INSERT INTO `weekly` VALUES (90, '2018-03-05 00:00:00', '2018-03-10 00:00:00', '1、将不间断电源安装在采砂船上，并联合电脑及三维激光扫描仪进行测试，符合合同要求，已拿到签收单。\n2、联合运单系统（胡建邦）和砂石体积计算系统（庞达），针对于新的识别接口，开发出关闭砂石体积计算功能的适用于测试整个流程的砂石体积计算系统，实现对识别系统的模块测试和一键式运单系统的发送，并在内部进行测试，并打算于下周一于现场测试。\n3、协调业主和甲方进行船体的移动并采集数据。', 48, '项目实施', 48, '未完成', 6, '是', 8, '', 4, '2018-03-10 04:44:11', '2018-03-10 10:18:45', NULL, 3, 10, 2018);
INSERT INTO `weekly` VALUES (91, '2018-03-07 00:00:00', '2018-03-08 00:00:00', '学习nodejs，为后续的功能扩展做准备', 16, '模块开发', 16, '已完成', 13, '是', 7, '', 7, '2018-03-10 06:58:55', '2018-03-10 06:59:09', NULL, 3, 10, 2018);
INSERT INTO `weekly` VALUES (92, '2018-03-05 00:00:00', '2018-03-05 00:00:00', '1.工程管理：泵站、沟道基本数据的增删改查功能。\n2.水库、水闸、淤地坝、渠道、泵站、沟道，按照条件【乡镇】【名称】进行查询。', 8, '模块开发', 8, '已完成', 8, '是', 14, '1. 增删改查界面还需要调整，当前界面只有简单的几个水利专题数据\n2. 泵站工程暂时无法按照乡镇查询\n3. 淤地坝无法按照乡镇查询\n4. 沟渠无法按照乡镇查询', 6, '2018-03-10 07:01:23', '2018-03-10 08:02:32', NULL, 3, 10, 2018);
INSERT INTO `weekly` VALUES (93, '2018-03-06 00:00:00', '2018-03-06 00:00:00', '组织管理→用户管理模块功能的增删改查功能，按条件查询功能。', 8, '模块开发', 8, '已完成', 8, '是', 14, '1. 用户管理模块，密码重置还未实现\n2. 列表中的email地址无法录入', 6, '2018-03-10 07:03:59', '2018-03-10 07:58:42', NULL, 3, 10, 2018);
INSERT INTO `weekly` VALUES (94, '2018-03-09 00:00:00', '2018-03-10 00:00:00', '数据处理、服务发布及测试，池塘数据还没有拿到，目前发布的服务中注记服务的显示还有问题', 16, '项目实施', NULL, '未完成', 23, '尚未审批', 7, NULL, NULL, '2018-03-10 07:04:57', '2018-03-10 07:04:57', NULL, 3, 10, 2018);
INSERT INTO `weekly` VALUES (95, '2018-03-05 00:00:00', '2018-03-10 00:00:00', '03-05:RFID设备的数据库表设立\n03-06:RFID设备与系统对接\n03-07:录入甲方数据,以及完善APP接口\n03-08:新增自动检测坐标上传延迟\n03-09:完善web端统计\n03-10:完善web端统计,以及数据库数据清洗', 48, 'bug修改', 48, '已完成', 6, '是', 20, '', 4, '2018-03-10 07:05:25', '2018-03-10 10:19:39', NULL, 3, 10, 2018);
INSERT INTO `weekly` VALUES (96, '2018-03-07 00:00:00', '2018-03-07 00:00:00', '1.初步撰写统计分析模块，构建统计基础数据。\n2.map主界面专题地图tree结构的样式调整。', 8, '模块开发', 8, '未完成', 8, '否', 14, '地图tree结构的重建只有简单的样式模板，还未将所有树状结构的数据处理完成；查询统计模块先按照当前情况进行处理，后期根据用户需求进行修改。建议将已完成状态改成进行中', 6, '2018-03-10 07:08:09', '2018-03-10 08:53:46', NULL, 3, 10, 2018);
INSERT INTO `weekly` VALUES (97, '2018-03-06 00:00:00', '2018-03-06 00:00:00', '将江山相关系统拷贝到自己的电脑上，准备去江山', 8, '功能测试', NULL, '已完成', 7, '尚未审批', 16, NULL, NULL, '2018-03-10 07:08:38', '2018-03-10 07:08:38', NULL, 3, 10, 2018);
INSERT INTO `weekly` VALUES (98, '2018-03-07 00:00:00', '2018-03-07 00:00:00', '江山出差', 8, '项目实施', NULL, '未完成', 7, '尚未审批', 16, NULL, NULL, '2018-03-10 07:08:59', '2018-03-10 07:09:40', NULL, 3, 10, 2018);
INSERT INTO `weekly` VALUES (99, '2018-03-08 00:00:00', '2018-03-08 00:00:00', '江山出差', 8, '项目实施', NULL, '已完成', 7, '尚未审批', 16, NULL, NULL, '2018-03-10 07:09:25', '2018-03-10 07:09:45', NULL, 3, 10, 2018);
INSERT INTO `weekly` VALUES (100, '2018-03-09 00:00:00', '2018-03-09 00:00:00', '湖州市水利数据的提取', 8, '项目实施', NULL, '未完成', 23, '尚未审批', 16, NULL, NULL, '2018-03-10 07:15:07', '2018-03-10 07:15:07', NULL, 3, 10, 2018);
INSERT INTO `weekly` VALUES (101, '2018-03-10 00:00:00', '2018-03-10 00:00:00', '湖州市水利数据的提取', 8, '项目实施', NULL, '已完成', 23, '尚未审批', 16, NULL, NULL, '2018-03-10 07:15:21', '2018-03-10 07:15:21', NULL, 3, 10, 2018);
INSERT INTO `weekly` VALUES (102, '2018-03-08 00:00:00', '2018-03-08 00:00:00', '1.统计分析主界面，折线图调整为柱状图。\n2.运单详情，加载照片的顺序修改。\n3.采砂船管理、运砂船管理，下拉框无法显示默认的BUG。\n4.采砂船管理【自卸】→【自卸船】', 8, 'bug修改', 8, '已完成', 6, '是', 14, '', 4, '2018-03-10 07:16:48', '2018-03-10 10:20:35', NULL, 3, 10, 2018);
INSERT INTO `weekly` VALUES (103, '2018-03-09 00:00:00', '2018-03-09 00:00:00', '新增三个运单统计模块：【砂厂统计】、【采砂船统计】、【运砂船统计】。', 8, '模块开发', 8, '已完成', 6, '是', 14, '', 4, '2018-03-10 07:18:09', '2018-03-10 10:20:26', NULL, 3, 10, 2018);
INSERT INTO `weekly` VALUES (104, '2018-03-10 00:00:00', '2018-03-10 00:00:00', '重构登录界面。', 8, 'bug修改', 8, '已完成', 8, '是', 14, '经查看，已完成', 6, '2018-03-10 07:19:36', '2018-03-10 07:53:50', NULL, 3, 10, 2018);
INSERT INTO `weekly` VALUES (105, '2018-02-23 00:00:00', '2018-03-10 00:00:00', '金华市雨污项目调研', 128, '方案设计', NULL, '已完成', 13, '尚未审批', 12, NULL, NULL, '2018-03-10 07:20:34', '2018-03-10 07:20:34', NULL, 3, 10, 2018);
INSERT INTO `weekly` VALUES (106, '2018-03-05 00:00:00', '2018-03-10 00:00:00', '使用layuiAdmin编写后台管理系统测试demo，学习带TAB栏切换的表格结构，和框架内置echarts使用，改变侧边导航栏结构，对框架的基础方法进行调用测试功能，以及如何配置项目背景主题；\n学习layui-xtree3.0带复选框的树结构文档；', 48, '模块开发', NULL, '已完成', 11, '尚未审批', 19, NULL, NULL, '2018-03-10 07:28:35', '2018-03-10 07:28:35', NULL, 3, 10, 2018);
INSERT INTO `weekly` VALUES (107, '2018-03-05 00:00:00', '2018-03-10 00:00:00', '1. 修复新版设置文件冲突导致的 bug\n2. 适配 Android 8.0，处理图标、通知和新版本安装时的问题\n3. 轨迹定位意外中断后提醒用户继续运输\n4. 领导用 APP 原型设计', 48, 'bug修改', 48, '已完成', 6, '是', 11, '', 4, '2018-03-10 07:28:50', '2018-03-10 10:19:51', NULL, 3, 10, 2018);
INSERT INTO `weekly` VALUES (108, '2018-03-05 00:00:00', '2018-03-05 00:00:00', '整理Android系统开发框架，为后期app开发实现快速搭建', 8, '方案设计', NULL, '已完成', 8, '尚未审批', 6, NULL, NULL, '2018-03-10 08:17:38', '2018-03-10 08:17:38', NULL, 3, 10, 2018);
INSERT INTO `weekly` VALUES (109, '2018-03-06 00:00:00', '2018-03-06 00:00:00', '整理中宁县错误数据，与数据提供方进行沟通整改', 8, '模块开发', NULL, '已完成', 8, '尚未审批', 6, NULL, NULL, '2018-03-10 08:18:53', '2018-03-10 08:18:53', NULL, 3, 10, 2018);
INSERT INTO `weekly` VALUES (110, '2018-03-07 00:00:00', '2018-03-08 00:00:00', '测试中宁信息系统，对界面的布局提出修改建议', 16, '功能测试', NULL, '已完成', 8, '尚未审批', 6, NULL, NULL, '2018-03-10 08:20:03', '2018-03-10 08:20:03', NULL, 3, 10, 2018);
INSERT INTO `weekly` VALUES (111, '2018-03-09 00:00:00', '2018-03-10 00:00:00', '整理中宁县行政区划数据以及水利专题数据，配图，符号化等', 16, '项目实施', NULL, '已完成', 8, '尚未审批', 6, NULL, NULL, '2018-03-10 08:22:51', '2018-03-10 08:22:51', NULL, 3, 10, 2018);
INSERT INTO `weekly` VALUES (112, '2018-03-10 00:00:00', '2018-03-10 00:00:00', '实现dapper simple curd 类库引用到项目中，省去繁琐的sql语句编写', 8, '模块开发', NULL, '已完成', 5, '尚未审批', 18, NULL, NULL, '2018-03-10 09:04:46', '2018-03-10 09:04:59', NULL, 3, 10, 2018);
INSERT INTO `weekly` VALUES (113, '2018-03-09 00:00:00', '2018-03-09 00:00:00', '中宁登陆界面设计', 12, '方案设计', NULL, '已完成', 8, '尚未审批', 17, NULL, NULL, '2018-03-10 09:18:23', '2018-03-10 09:28:02', NULL, 3, 10, 2018);
INSERT INTO `weekly` VALUES (114, '2018-03-06 00:00:00', '2018-03-06 00:00:00', '项目管理平台侧边栏图标', 3, '方案设计', NULL, '已完成', 13, '尚未审批', 17, NULL, NULL, '2018-03-10 09:20:44', '2018-03-10 09:21:54', NULL, 3, 10, 2018);
INSERT INTO `weekly` VALUES (115, '2018-03-10 00:00:00', '2018-03-10 00:00:00', '赣昌砂石APP界面设计-首页设计完成', 8, '方案设计', 8, '未完成', 6, '是', 17, '', 4, '2018-03-10 09:21:34', '2018-03-10 10:20:11', NULL, 3, 10, 2018);
INSERT INTO `weekly` VALUES (116, '2018-03-05 00:00:00', '2018-03-08 00:00:00', '软件界面素材搜集参考，设计技能学习', 21, '', NULL, '已完成', 11, '尚未审批', 17, NULL, NULL, '2018-03-10 09:27:37', '2018-03-10 09:28:37', NULL, 3, 10, 2018);
INSERT INTO `weekly` VALUES (117, '2018-03-05 00:00:00', '2018-03-05 00:00:00', '3.5：重点研发ppt6\n3.6：重点研发3图3\n3.10：重点研发答辩PPT研讨修改8\n3.11：重点研发答辩PPT研讨修改8\n', 32, '方案设计', NULL, '已完成', 21, '尚未审批', 4, NULL, NULL, '2018-03-12 06:10:23', '2018-03-12 06:10:23', NULL, 3, 10, 2018);
INSERT INTO `weekly` VALUES (118, '2018-03-05 00:00:00', '2018-03-11 00:00:00', '3.5 周一：重点研发PPT6，南昌1、金风1\n3.6 周二：重点研发3图3，视慧报奖4，报人才工程1\n3.7 周三：南昌4，博士生开题讨论3，改凯铮学报论文1\n3.8 周四：负责视慧重点研发项目申报8\n3.9 周五：地震局项目验收文档\n3.10 周六：重点研发答辩PPT研讨修改8\n3.11 周天：重点研发答辩PPT研讨修改8', 56, '方案设计', NULL, '已完成', 12, '尚未审批', 4, NULL, NULL, '2018-03-12 06:16:41', '2018-03-12 11:33:03', NULL, 3, 10, 2018);
INSERT INTO `weekly` VALUES (119, '2018-03-10 00:00:00', '2018-03-10 00:00:00', 'layui布局、学习研究、（后台系统设计）', 8, '模块开发', NULL, '已完成', 11, '尚未审批', 23, NULL, NULL, '2018-03-13 00:07:52', '2018-03-13 00:07:52', NULL, 3, 10, 2018);
INSERT INTO `weekly` VALUES (120, '2018-03-12 00:00:00', '2018-03-12 00:00:00', '湖州数据处理并发布服务，以及相关功能代码编写', 8, '模块开发', NULL, '已完成', 23, '尚未审批', 7, NULL, NULL, '2018-03-13 00:31:17', '2018-03-13 00:31:17', NULL, 3, 11, 2018);
INSERT INTO `weekly` VALUES (121, '2018-03-12 00:00:00', '2018-03-12 00:00:00', 'BS端代码修改，影像加载、切片等问题，调试后某些问题尚未解决', 8, '模块开发', NULL, '已完成', 5, '尚未审批', 23, NULL, NULL, '2018-03-13 07:34:05', '2018-03-13 07:34:05', NULL, 3, 11, 2018);
INSERT INTO `weekly` VALUES (122, '2018-03-12 00:00:00', '2018-03-12 00:00:00', '添加管线要素编辑功能的日志信息记录功能', 8, '模块开发', NULL, '已完成', 7, '尚未审批', 18, NULL, NULL, '2018-03-14 06:28:16', '2018-03-14 06:28:16', NULL, 3, 11, 2018);
INSERT INTO `weekly` VALUES (123, '2018-03-13 00:00:00', '2018-03-13 00:00:00', '配合泸州甲方调试wmts服务加载失败bug', 8, 'bug修改', NULL, '已完成', 5, '尚未审批', 18, NULL, NULL, '2018-03-14 06:29:20', '2018-03-14 06:29:20', NULL, 3, 11, 2018);
INSERT INTO `weekly` VALUES (124, '2018-03-14 00:00:00', '2018-03-14 00:00:00', '添加查看要素编辑日志功能，包括按日期、人员筛选；日志导出功能', 8, '模块开发', NULL, '已完成', 7, '尚未审批', 18, NULL, NULL, '2018-03-14 06:30:20', '2018-03-14 06:30:20', NULL, 3, 11, 2018);

-- ----------------------------
-- Triggers structure for table weekly
-- ----------------------------
DROP TRIGGER IF EXISTS `initWeekAndMonth`;
delimiter ;;
CREATE TRIGGER `initWeekAndMonth` BEFORE INSERT ON `weekly` FOR EACH ROW BEGIN
       set NEW.month = date_format(NEW.endTime,'%m'),NEW.WEEK =  weekofyear(NEW.endTime),NEW.year =  date_format(NEW.endTime,'%y');
END
;;
delimiter ;

-- ----------------------------
-- Triggers structure for table weekly
-- ----------------------------
DROP TRIGGER IF EXISTS `updateWeekAndMonth`;
delimiter ;;
CREATE TRIGGER `updateWeekAndMonth` BEFORE UPDATE ON `weekly` FOR EACH ROW BEGIN
      set NEW.month = date_format(NEW.endTime,'%m'),NEW.WEEK =  weekofyear(NEW.endTime),NEW.year =  date_format(NEW.endTime,'%y');
END
;;
delimiter ;

SET FOREIGN_KEY_CHECKS = 1;
